{
  "variants":
  {
    "persistent=false":
      [
      {"model": "minecraft:block/oak_leaves","weight":25},
      {"model": "minecraft:block/flowering_oak_leaves_1","weight":2},
      {"model": "minecraft:block/flowering_oak_leaves_2","weight":2},
      {"model": "minecraft:block/flowering_oak_leaves_3","weight":2},
      {"model": "minecraft:block/flowering_oak_leaves_4","weight":2},
      {"model": "minecraft:block/flowering_oak_leaves_5","weight":2},
      {"model": "minecraft:block/flowering_oak_leaves_6","weight":2},
      {"model": "minecraft:block/flowering_oak_leaves_7","weight":2}
      ],
    "persistent=true":
      [
      {"model": "minecraft:block/oak_leaves","weight":9},
      {"model": "minecraft:block/flowering_oak_leaves_1","weight":2},
      {"model": "minecraft:block/flowering_oak_leaves_2","weight":2},
      {"model": "minecraft:block/flowering_oak_leaves_3","weight":2},
      {"model": "minecraft:block/flowering_oak_leaves_4","weight":2},
      {"model": "minecraft:block/flowering_oak_leaves_5","weight":2},
      {"model": "minecraft:block/flowering_oak_leaves_6","weight":2},
      {"model": "minecraft:block/flowering_oak_leaves_7","weight":2}
      ]
  }
}
