{
    "variants": {
        "half=lower": [ { "model": "block/tall_grass_bottom","weight":35},
			{ "model": "block/tall_grass_bottom1","weight":24},
			{ "model": "block/tall_grass_bottom2","weight":22},
			{ "model": "block/tall_grass_bottom3","weight":21},
			{ "model": "block/tall_grass_bottom4","weight":20},
			{ "model": "block/tall_grass_bottom5","weight":25},
			{ "model": "block/tall_grass_bottom6","weight":26} ],
        "half=upper": [ { "model": "block/tall_grass_top","weight":35},
			{ "model": "block/tall_grass_top1","weight":22},
			{ "model": "block/tall_grass_top2","weight":21},
			{ "model": "block/tall_grass_top3","weight":20},
			{ "model": "block/tall_grass_top4","weight":24},
			{ "model": "block/tall_grass_top5","weight":22},
			{ "model": "block/tall_grass_top6","weight":23} ]
    }
}
