{
	"credit": "javierbedezuv",
	"ambientocclusion": false,
	"textures": {
		"particle": "block/sugar_cane",
		"reeds": "block/sugar_cane",
		"cactus": "block/cactus_bottom"
	},
	"elements": [
		{
			"name": "cane",
			"from": [2, 0, 2],
			"to": [4, 16, 4],
			"faces": {
				"north": {"uv": [1, 0, 3, 16], "texture": "#reeds", "tintindex": 0},
				"east": {"uv": [1, 0, 3, 16], "texture": "#reeds", "tintindex": 0},
				"south": {"uv": [1, 0, 3, 16], "texture": "#reeds", "tintindex": 0},
				"west": {"uv": [1, 0, 3, 16], "texture": "#reeds", "tintindex": 0},
				"up": {"uv": [6, 6, 8, 8], "texture": "#cactus"}
			}
		},
		{
			"name": "cane",
			"from": [12, 0, 2],
			"to": [14, 16, 4],
			"rotation": {"angle": 0, "axis": "y", "origin": [8, 8, 9]},
			"faces": {
				"north": {"uv": [5, 0, 7, 16], "texture": "#reeds", "tintindex": 0},
				"east": {"uv": [5, 0, 7, 16], "texture": "#reeds", "tintindex": 0},
				"south": {"uv": [5, 0, 7, 16], "texture": "#reeds", "tintindex": 0},
				"west": {"uv": [5, 0, 7, 16], "texture": "#reeds", "tintindex": 0},
				"up": {"uv": [6, 6, 8, 8], "texture": "#cactus", "cullface": "up"}
			}
		},
		{
			"name": "cane",
			"from": [6, 0, 7],
			"to": [8, 16, 9],
			"faces": {
				"north": {"uv": [9, 0, 11, 16], "texture": "#reeds", "tintindex": 0},
				"east": {"uv": [9, 0, 11, 16], "texture": "#reeds", "tintindex": 0},
				"south": {"uv": [9, 0, 11, 16], "texture": "#reeds", "tintindex": 0},
				"west": {"uv": [9, 0, 11, 16], "texture": "#reeds", "tintindex": 0},
				"up": {"uv": [6, 6, 8, 8], "texture": "#cactus"}
			}
		},
		{
			"name": "cane",
			"from": [12, 0, 12],
			"to": [14, 16, 14],
			"rotation": {"angle": 0, "axis": "y", "origin": [2, 0, 0]},
			"faces": {
				"north": {"uv": [1, 0, 3, 16], "texture": "#reeds", "tintindex": 0},
				"east": {"uv": [1, 0, 3, 16], "texture": "#reeds", "tintindex": 0},
				"south": {"uv": [1, 0, 3, 16], "texture": "#reeds", "tintindex": 0},
				"west": {"uv": [1, 0, 3, 16], "texture": "#reeds", "tintindex": 0},
				"up": {"uv": [6, 6, 8, 8], "texture": "#cactus"}
			}
		},
		{
			"name": "cane",
			"from": [2, 0, 12],
			"to": [4, 16, 14],
			"rotation": {"angle": 0, "axis": "y", "origin": [3, 8, 13]},
			"faces": {
				"north": {"uv": [5, 0, 7, 16], "texture": "#reeds", "tintindex": 0},
				"east": {"uv": [5, 0, 7, 16], "texture": "#reeds", "tintindex": 0},
				"south": {"uv": [5, 0, 7, 16], "texture": "#reeds", "tintindex": 0},
				"west": {"uv": [5, 0, 7, 16], "texture": "#reeds", "tintindex": 0},
				"up": {"uv": [6, 6, 8, 8], "texture": "#cactus", "cullface": "up"}
			}
		},
		{
			"name": "leaves",
			"from": [3, 0, 1],
			"to": [3, 16, 5],
			"faces": {
				"north": {"uv": [1, 0, 3, 16], "texture": "#reeds", "tintindex": 0},
				"east": {"uv": [4, 0, 0, 16], "texture": "#reeds", "tintindex": 0},
				"south": {"uv": [1, 0, 3, 16], "texture": "#reeds", "tintindex": 0},
				"west": {"uv": [0, 0, 4, 16], "texture": "#reeds", "tintindex": 0},
				"up": {"uv": [6, 6, 8, 8], "texture": "#cactus"}
			}
		},
		{
			"name": "leaves",
			"from": [1, 0, 3],
			"to": [5, 16, 3],
			"rotation": {"angle": 0, "axis": "y", "origin": [3, 5, 3]},
			"faces": {
				"north": {"uv": [0, 0, 4, 16], "texture": "#reeds", "tintindex": 0},
				"east": {"uv": [1, 0, 3, 16], "texture": "#reeds", "tintindex": 0},
				"south": {"uv": [4, 0, 0, 16], "texture": "#reeds", "tintindex": 0},
				"west": {"uv": [1, 0, 3, 16], "texture": "#reeds", "tintindex": 0},
				"up": {"uv": [6, 6, 8, 8], "rotation": 90, "texture": "#cactus"}
			}
		},
		{
			"name": "leaves",
			"from": [13, 0, 1],
			"to": [13, 16, 5],
			"rotation": {"angle": 0, "axis": "y", "origin": [8, 8, 9]},
			"faces": {
				"north": {"uv": [5, 0, 7, 16], "texture": "#reeds", "tintindex": 0},
				"east": {"uv": [8, 0, 4, 16], "texture": "#reeds", "tintindex": 0},
				"south": {"uv": [5, 0, 7, 16], "texture": "#reeds", "tintindex": 0},
				"west": {"uv": [4, 0, 8, 16], "texture": "#reeds", "tintindex": 0},
				"up": {"uv": [6, 6, 8, 8], "texture": "#cactus", "cullface": "up"}
			}
		},
		{
			"name": "leaves",
			"from": [11, 0, 3],
			"to": [15, 16, 3],
			"rotation": {"angle": 0, "axis": "y", "origin": [13, 8, 3]},
			"faces": {
				"north": {"uv": [8, 0, 4, 16], "texture": "#reeds", "tintindex": 0},
				"east": {"uv": [5, 0, 7, 16], "texture": "#reeds", "tintindex": 0},
				"south": {"uv": [4, 0, 8, 16], "texture": "#reeds", "tintindex": 0},
				"west": {"uv": [5, 0, 7, 16], "texture": "#reeds", "tintindex": 0},
				"up": {"uv": [6, 6, 8, 8], "rotation": 270, "texture": "#cactus", "cullface": "up"}
			}
		},
		{
			"name": "leaves",
			"from": [13, 0, 11],
			"to": [13, 16, 15],
			"rotation": {"angle": 0, "axis": "y", "origin": [2, 0, 0]},
			"faces": {
				"north": {"uv": [0, 0, 4, 16], "texture": "#reeds", "tintindex": 0},
				"east": {"uv": [4, 0, 0, 16], "texture": "#reeds", "tintindex": 0},
				"south": {"uv": [0, 0, 4, 16], "texture": "#reeds", "tintindex": 0},
				"west": {"uv": [0, 0, 4, 16], "texture": "#reeds", "tintindex": 0},
				"up": {"uv": [0, 0, 4, 16], "texture": "#reeds", "tintindex": 0},
				"down": {"uv": [0, 0, 4, 16], "texture": "#reeds", "tintindex": 0}
			}
		},
		{
			"name": "leaves",
			"from": [11, 0, 13],
			"to": [15, 16, 13],
			"rotation": {"angle": 0, "axis": "y", "origin": [13, 7, 13]},
			"faces": {
				"north": {"uv": [4, 0, 0, 16], "texture": "#reeds", "tintindex": 0},
				"east": {"uv": [0, 0, 4, 16], "texture": "#reeds", "tintindex": 0},
				"south": {"uv": [0, 0, 4, 16], "texture": "#reeds", "tintindex": 0},
				"west": {"uv": [0, 0, 4, 16], "texture": "#reeds", "tintindex": 0},
				"up": {"uv": [0, 0, 4, 16], "rotation": 270, "texture": "#reeds", "tintindex": 0},
				"down": {"uv": [0, 0, 4, 16], "rotation": 90, "texture": "#reeds", "tintindex": 0}
			}
		},
		{
			"name": "leaves",
			"from": [7, 0, 6],
			"to": [7, 16, 10],
			"faces": {
				"north": {"uv": [8, 0, 12, 16], "texture": "#reeds", "tintindex": 0},
				"east": {"uv": [12, 0, 8, 16], "texture": "#reeds", "tintindex": 0},
				"south": {"uv": [8, 0, 12, 16], "texture": "#reeds", "tintindex": 0},
				"west": {"uv": [8, 0, 12, 16], "texture": "#reeds", "tintindex": 0},
				"up": {"uv": [8, 0, 12, 16], "texture": "#reeds", "tintindex": 0},
				"down": {"uv": [8, 0, 12, 16], "texture": "#reeds", "tintindex": 0}
			}
		},
		{
			"name": "leaves",
			"from": [5, 0, 8],
			"to": [9, 16, 8],
			"rotation": {"angle": 0, "axis": "y", "origin": [7, 3, 8]},
			"faces": {
				"north": {"uv": [12, 0, 8, 16], "texture": "#reeds", "tintindex": 0},
				"east": {"uv": [8, 0, 12, 16], "texture": "#reeds", "tintindex": 0},
				"south": {"uv": [8, 0, 12, 16], "texture": "#reeds", "tintindex": 0},
				"west": {"uv": [8, 0, 12, 16], "texture": "#reeds", "tintindex": 0},
				"up": {"uv": [8, 0, 12, 16], "rotation": 270, "texture": "#reeds", "tintindex": 0},
				"down": {"uv": [8, 0, 12, 16], "rotation": 90, "texture": "#reeds", "tintindex": 0}
			}
		},
		{
			"name": "leaves",
			"from": [3, 0, 11],
			"to": [3, 16, 15],
			"rotation": {"angle": 0, "axis": "y", "origin": [3, 8, 13]},
			"faces": {
				"north": {"uv": [4, 0, 8, 16], "texture": "#reeds", "tintindex": 0},
				"east": {"uv": [8, 0, 4, 16], "texture": "#reeds", "tintindex": 0},
				"south": {"uv": [4, 0, 8, 16], "texture": "#reeds", "tintindex": 0},
				"west": {"uv": [4, 0, 8, 16], "texture": "#reeds", "tintindex": 0},
				"up": {"uv": [4, 0, 8, 16], "texture": "#reeds", "tintindex": 0},
				"down": {"uv": [4, 0, 8, 16], "texture": "#reeds", "tintindex": 0}
			}
		},
		{
			"name": "leaves",
			"from": [1, 0, 13],
			"to": [5, 16, 13],
			"rotation": {"angle": 0, "axis": "y", "origin": [3, 8, 13]},
			"faces": {
				"north": {"uv": [8, 0, 4, 16], "texture": "#reeds", "tintindex": 0},
				"east": {"uv": [4, 0, 8, 16], "texture": "#reeds", "tintindex": 0},
				"south": {"uv": [4, 0, 8, 16], "texture": "#reeds", "tintindex": 0},
				"west": {"uv": [4, 0, 8, 16], "texture": "#reeds", "tintindex": 0},
				"up": {"uv": [4, 0, 8, 16], "rotation": 270, "texture": "#reeds", "tintindex": 0},
				"down": {"uv": [4, 0, 8, 16], "rotation": 90, "texture": "#reeds", "tintindex": 0}
			}
		}
	],
	"groups": [
		{
			"name": "cane",
			"origin": [8, 8, 7],
			"color": 0,
			"children": [
				0,
				1,
				2,
				3,
				4,
				{
					"name": "leaves",
					"origin": [8, 8, 8],
					"color": 0,
					"children": [5, 6, 7, 8, 9, 10, 11, 12, 13, 14]
				}
			]
		}
	]
}